dataset,fold,eq_odds,av_odds,av_pred_diff,cof_variation_allgroups,entropy_index_allgroups,theil_index_allgroups,eq_opportunity,stat_parity,error_rate,false_discovery_rate_dif,false_negative_rate_diff,false_omisson_rate_dif,pred_equality,binary_confusion_matrix,ppv,npv,selection_rate,accuracy,f1-score
adult,0,,,0.11929242675511333,2.1073424255447017e-08,2.220446049250313e-16,2.9162094548379673e-16,,,-0.7614151464897734,0.0,,0.23858485351022665,,"{'GTP': 2.479533818666823, 'GFP': 7.914435976650566, 'GTN': 6879.085564023349, 'GFN': 2155.520466181333}",0.0,0.7614151464897734,0.0,0.7614151464897734,0.0
adult,1,,,0.11929242675511333,2.1073424255447017e-08,2.220446049250313e-16,2.9162094548379673e-16,,,-0.7614151464897734,0.0,,0.23858485351022665,,"{'GTP': 2.6447845115326345, 'GFP': 8.43968856788706, 'GTN': 6878.560311432113, 'GFN': 2155.3552154884674}",0.0,0.7614151464897734,0.0,0.7614151464897734,0.0
adult,2,,,0.11930561698363557,0.0,0.0,0.0,,,-0.7613887660327289,0.0,,0.23861123396727113,,"{'GTP': 3.0772444618633017, 'GFP': 9.813382261083461, 'GTN': 6876.1866177389165, 'GFN': 2154.9227555381367}",0.0,0.7613887660327289,0.0,0.7613887660327289,0.0
adult,3,,,0.11930561698363557,0.0,0.0,0.0,,,-0.7613887660327289,0.0,,0.23861123396727113,,"{'GTP': 2.7344180952059105, 'GFP': 8.740417043212801, 'GTN': 6877.259582956787, 'GFN': 2155.265581904794}",0.0,0.7613887660327289,0.0,0.7613887660327289,0.0
adult,4,,,0.11930561698363557,0.0,0.0,0.0,,,-0.7613887660327289,0.0,,0.23861123396727113,,"{'GTP': 2.69646001921501, 'GFP': 8.612220497452654, 'GTN': 6877.387779502547, 'GFN': 2155.303539980785}",0.0,0.7613887660327289,0.0,0.7613887660327289,0.0
adult,0,,,0.11929242675511333,2.1073424255447017e-08,2.220446049250313e-16,2.9162094548379673e-16,,,-0.7614151464897734,0.0,,0.23858485351022665,,"{'GTP': 2.87964954378549, 'GFP': 9.206900296849199, 'GTN': 6877.793099703151, 'GFN': 2155.1203504562145}",0.0,0.7614151464897734,0.0,0.7614151464897734,0.0
adult,1,,,0.11929242675511333,2.1073424255447017e-08,2.220446049250313e-16,2.9162094548379673e-16,,,-0.7614151464897734,0.0,,0.23858485351022665,,"{'GTP': 2.785572217660956, 'GFP': 8.8923061741516, 'GTN': 6878.107693825848, 'GFN': 2155.214427782339}",0.0,0.7614151464897734,0.0,0.7614151464897734,0.0
adult,2,,,0.11930561698363557,0.0,0.0,0.0,,,-0.7613887660327289,0.0,,0.23861123396727113,,"{'GTP': 3.6860779704293236, 'GFP': 11.762292931438424, 'GTN': 6874.237707068562, 'GFN': 2154.3139220295707}",0.0,0.7613887660327289,0.0,0.7613887660327289,0.0
adult,3,,,0.11930561698363557,0.0,0.0,0.0,,,-0.7613887660327289,0.0,,0.23861123396727113,,"{'GTP': 3.313694617478177, 'GFP': 10.576161622768268, 'GTN': 6875.423838377232, 'GFN': 2154.686305382522}",0.0,0.7613887660327289,0.0,0.7613887660327289,0.0
adult,4,,,0.11930561698363557,0.0,0.0,0.0,,,-0.7613887660327289,0.0,,0.23861123396727113,,"{'GTP': 3.467837980017066, 'GFP': 11.067377943079919, 'GTN': 6874.93262205692, 'GFN': 2154.532162019983}",0.0,0.7613887660327289,0.0,0.7613887660327289,0.0
adult,0,,,0.11929242675511333,2.1073424255447017e-08,2.220446049250313e-16,2.9162094548379673e-16,,,-0.7614151464897734,0.0,,0.23858485351022665,,"{'GTP': 10.970009505283087, 'GFP': 35.01291369413957, 'GTN': 6851.98708630586, 'GFN': 2147.029990494717}",0.0,0.7614151464897734,0.0,0.7614151464897734,0.0
adult,1,,,0.11929242675511333,2.1073424255447017e-08,2.220446049250313e-16,2.9162094548379673e-16,,,-0.7614151464897734,0.0,,0.23858485351022665,,"{'GTP': 9.999036120250821, 'GFP': 31.87626920780167, 'GTN': 6855.123730792198, 'GFN': 2148.000963879749}",0.0,0.7614151464897734,0.0,0.7614151464897734,0.0
adult,2,,,0.11930561698363557,0.0,0.0,0.0,,,-0.7613887660327289,0.0,,0.23861123396727113,,"{'GTP': 11.409324408508837, 'GFP': 36.414607455488294, 'GTN': 6849.585392544512, 'GFN': 2146.590675591491}",0.0,0.7613887660327289,0.0,0.7613887660327289,0.0
adult,3,,,0.11930561698363557,0.0,0.0,0.0,,,-0.7613887660327289,0.0,,0.23861123396727113,,"{'GTP': 11.287450639531016, 'GFP': 36.01038627978414, 'GTN': 6849.989613720216, 'GFN': 2146.712549360469}",0.0,0.7613887660327289,0.0,0.7613887660327289,0.0
adult,4,,,0.11930561698363557,0.0,0.0,0.0,,,-0.7613887660327289,0.0,,0.23861123396727113,,"{'GTP': 9.365755144972354, 'GFP': 29.921466579195112, 'GTN': 6856.078533420805, 'GFN': 2148.6342448550276}",0.0,0.7613887660327289,0.0,0.7613887660327289,0.0
adult,0,,,0.11929242675511333,2.1073424255447017e-08,2.220446049250313e-16,2.9162094548379673e-16,,,-0.7614151464897734,0.0,,0.23858485351022665,,"{'GTP': 2.684366071363911, 'GFP': 8.559089344576932, 'GTN': 6878.440910655423, 'GFN': 2155.315633928636}",0.0,0.7614151464897734,0.0,0.7614151464897734,0.0
adult,1,,,0.11929242675511333,2.1073424255447017e-08,2.220446049250313e-16,2.9162094548379673e-16,,,-0.7614151464897734,0.0,,0.23858485351022665,,"{'GTP': 3.3430951626505703, 'GFP': 10.67052923887968, 'GTN': 6876.32947076112, 'GFN': 2154.6569048373494}",0.0,0.7614151464897734,0.0,0.7614151464897734,0.0
adult,2,,,0.11930561698363557,0.0,0.0,0.0,,,-0.7613887660327289,0.0,,0.23861123396727113,,"{'GTP': 3.8848643406527117, 'GFP': 12.381045816349797, 'GTN': 6873.61895418365, 'GFN': 2154.1151356593473}",0.0,0.7613887660327289,0.0,0.7613887660327289,0.0
adult,3,,,0.11930561698363557,0.0,0.0,0.0,,,-0.7613887660327289,0.0,,0.23861123396727113,,"{'GTP': 3.0262051657773554, 'GFP': 9.678987451014109, 'GTN': 6876.321012548986, 'GFN': 2154.9737948342226}",0.0,0.7613887660327289,0.0,0.7613887660327289,0.0
adult,4,,,0.11930561698363557,0.0,0.0,0.0,,,-0.7613887660327289,0.0,,0.23861123396727113,,"{'GTP': 3.2303210685495287, 'GFP': 10.3178295904072, 'GTN': 6875.682170409593, 'GFN': 2154.7696789314505}",0.0,0.7613887660327289,0.0,0.7613887660327289,0.0
kdd,0,,,0.0,,-2.220446049250313e-16,-2.3623860795286604e-16,,,0.0,0.0,,0.0,,"{'GTP': 0.157018128913478, 'GFP': 2.46236799559847, 'GTN': 11276.537632004402, 'GFN': 720.8429818710865}",0.0,0.9399166666666666,0.0,0.9399166666666666,0.0
kdd,1,,,0.0,,-2.220446049250313e-16,-2.3623860795286604e-16,,,0.0,0.0,,0.0,,"{'GTP': 0.15193889525835402, 'GFP': 2.3829074549284996, 'GTN': 11276.617092545072, 'GFN': 720.8480611047416}",0.0,0.9399166666666666,0.0,0.9399166666666666,0.0
kdd,2,,,0.0,,-2.220446049250313e-16,-2.3623860795286604e-16,,,0.0,0.0,,0.0,,"{'GTP': 0.17204734928964172, 'GFP': 2.687513824275811, 'GTN': 11276.312486175724, 'GFN': 720.8279526507104}",0.0,0.9399166666666666,0.0,0.9399166666666666,0.0
kdd,3,,,0.0,,-2.220446049250313e-16,-2.3623860795286604e-16,,,0.0,0.0,,0.0,,"{'GTP': 0.21555906275170855, 'GFP': 3.3860008225019556, 'GTN': 11275.613999177498, 'GFN': 720.7844409372483}",0.0,0.9399166666666666,0.0,0.9399166666666666,0.0
kdd,4,,,0.0,2.1073424255447017e-08,2.220446049250313e-16,2.3625955480585e-16,,,0.0,0.0,,0.0,,"{'GTP': 0.14010281674563885, 'GFP': 2.186763522448018, 'GTN': 11275.813236477552, 'GFN': 721.8598971832544}",0.0,0.9398333333333333,0.0,0.9398333333333333,0.0
kdd,0,,,0.0,,-2.220446049250313e-16,-2.3623860795286604e-16,,,0.0,0.0,,0.0,,"{'GTP': 0.45670888520544395, 'GFP': 7.160675172752235, 'GTN': 11271.839324827248, 'GFN': 720.5432911147946}",0.0,0.9399166666666666,0.0,0.9399166666666666,0.0
kdd,1,,,0.0,,-2.220446049250313e-16,-2.3623860795286604e-16,,,0.0,0.0,,0.0,,"{'GTP': 0.3112754604080692, 'GFP': 4.869358879659558, 'GTN': 11274.13064112034, 'GFN': 720.6887245395919}",0.0,0.9399166666666666,0.0,0.9399166666666666,0.0
kdd,2,,,0.0,,-2.220446049250313e-16,-2.3623860795286604e-16,,,0.0,0.0,,0.0,,"{'GTP': 0.3972101133549586, 'GFP': 6.210460013739066, 'GTN': 11272.789539986261, 'GFN': 720.602789886645}",0.0,0.9399166666666666,0.0,0.9399166666666666,0.0
kdd,3,,,0.0,,-2.220446049250313e-16,-2.3623860795286604e-16,,,0.0,0.0,,0.0,,"{'GTP': 0.45522828475805, 'GFP': 7.1584644361864775, 'GTN': 11271.841535563814, 'GFN': 720.544771715242}",0.0,0.9399166666666666,0.0,0.9399166666666666,0.0
kdd,4,,,0.0,2.1073424255447017e-08,2.220446049250313e-16,2.3625955480585e-16,,,0.0,0.0,,0.0,,"{'GTP': 0.31165855360450223, 'GFP': 4.870431493211072, 'GTN': 11273.129568506789, 'GFN': 721.6883414463955}",0.0,0.9398333333333333,0.0,0.9398333333333333,0.0
kdd,0,,,0.0,,-2.220446049250313e-16,-2.3623860795286604e-16,,,0.0,0.0,,0.0,,"{'GTP': 0.7575482971733436, 'GFP': 11.892335908429231, 'GTN': 11267.10766409157, 'GFN': 720.2424517028267}",0.0,0.9399166666666666,0.0,0.9399166666666666,0.0
kdd,1,,,0.0,,-2.220446049250313e-16,-2.3623860795286604e-16,,,0.0,0.0,,0.0,,"{'GTP': 0.5849712275085039, 'GFP': 9.18125321296975, 'GTN': 11269.81874678703, 'GFN': 720.4150287724915}",0.0,0.9399166666666666,0.0,0.9399166666666666,0.0
kdd,2,,,0.0,,-2.220446049250313e-16,-2.3623860795286604e-16,,,0.0,0.0,,0.0,,"{'GTP': 0.704635385540314, 'GFP': 11.033307803620119, 'GTN': 11267.96669219638, 'GFN': 720.2953646144597}",0.0,0.9399166666666666,0.0,0.9399166666666666,0.0
kdd,3,,,0.0,,-2.220446049250313e-16,-2.3623860795286604e-16,,,0.0,0.0,,0.0,,"{'GTP': 0.9403967323014513, 'GFP': 14.747623995062895, 'GTN': 11264.252376004937, 'GFN': 720.0596032676985}",0.0,0.9399166666666666,0.0,0.9399166666666666,0.0
kdd,4,,,0.0,2.1073424255447017e-08,2.220446049250313e-16,2.3625955480585e-16,,,0.0,0.0,,0.0,,"{'GTP': 0.6851666560396552, 'GFP': 10.690779327240307, 'GTN': 11267.30922067276, 'GFN': 721.3148333439603}",0.0,0.9398333333333333,0.0,0.9398333333333333,0.0
kdd,0,,,0.0,,-2.220446049250313e-16,-2.3623860795286604e-16,,,0.0,0.0,,0.0,,"{'GTP': 0.2543906788341701, 'GFP': 3.9784365029190667, 'GTN': 11275.021563497081, 'GFN': 720.7456093211658}",0.0,0.9399166666666666,0.0,0.9399166666666666,0.0
kdd,1,,,0.0,,-2.220446049250313e-16,-2.3623860795286604e-16,,,0.0,0.0,,0.0,,"{'GTP': 0.2240716880914988, 'GFP': 3.5050008541584248, 'GTN': 11275.494999145842, 'GFN': 720.7759283119085}",0.0,0.9399166666666666,0.0,0.9399166666666666,0.0
kdd,2,,,0.0,,-2.220446049250313e-16,-2.3623860795286604e-16,,,0.0,0.0,,0.0,,"{'GTP': 0.24802237054973375, 'GFP': 3.870934945633053, 'GTN': 11275.129065054367, 'GFN': 720.7519776294503}",0.0,0.9399166666666666,0.0,0.9399166666666666,0.0
kdd,3,,,0.0,,-2.220446049250313e-16,-2.3623860795286604e-16,,,0.0,0.0,,0.0,,"{'GTP': 0.2786783526535146, 'GFP': 4.364954455872066, 'GTN': 11274.635045544128, 'GFN': 720.7213216473465}",0.0,0.9399166666666666,0.0,0.9399166666666666,0.0
kdd,4,,,0.0,2.1073424255447017e-08,2.220446049250313e-16,2.3625955480585e-16,,,0.0,0.0,,0.0,,"{'GTP': 0.1811767323379172, 'GFP': 2.8254914154094877, 'GTN': 11275.17450858459, 'GFN': 721.8188232676621}",0.0,0.9398333333333333,0.0,0.9398333333333333,0.0
german_credit,0,,,0.15,0.0,0.0,0.0,,,-0.7,0.0,,0.3,,"{'GTP': 3.6629939042031765, 'GFP': 8.649039678275585, 'GTN': 131.35096032172441, 'GFN': 56.33700609579682}",0.0,0.7,0.0,0.7,0.0
german_credit,1,,,0.15,0.0,0.0,0.0,,,-0.7,0.0,,0.3,,"{'GTP': 3.617104686796665, 'GFP': 8.531048435717821, 'GTN': 131.46895156428218, 'GFN': 56.382895313203335}",0.0,0.7,0.0,0.7,0.0
german_credit,2,,,0.15,0.0,0.0,0.0,,,-0.7,0.0,,0.3,,"{'GTP': 3.6481525637209415, 'GFP': 8.513676460832357, 'GTN': 131.48632353916764, 'GFN': 56.35184743627906}",0.0,0.7,0.0,0.7,0.0
german_credit,3,,,0.15,0.0,0.0,0.0,,,-0.7,0.0,,0.3,,"{'GTP': 3.6797693260014057, 'GFP': 8.586337048560381, 'GTN': 131.41366295143962, 'GFN': 56.320230673998594}",0.0,0.7,0.0,0.7,0.0
german_credit,4,,,0.15,0.0,0.0,0.0,,,-0.7,0.0,,0.3,,"{'GTP': 3.64974432438612, 'GFP': 8.536841735243797, 'GTN': 131.4631582647562, 'GFN': 56.35025567561388}",0.0,0.7,0.0,0.7,0.0
german_credit,0,,,0.15,0.0,0.0,0.0,,,-0.7,0.0,,0.3,,"{'GTP': 3.611070644110441, 'GFP': 8.433730907738209, 'GTN': 131.5662690922618, 'GFN': 56.38892935588956}",0.0,0.7,0.0,0.7,0.0
german_credit,1,,,0.15,0.0,0.0,0.0,,,-0.7,0.0,,0.3,,"{'GTP': 3.4406262636184692, 'GFP': 8.128283392637968, 'GTN': 131.87171660736203, 'GFN': 56.55937373638153}",0.0,0.7,0.0,0.7,0.0
german_credit,2,,,0.15,0.0,0.0,0.0,,,-0.7,0.0,,0.3,,"{'GTP': 3.4650207944214344, 'GFP': 8.196065038442612, 'GTN': 131.8039349615574, 'GFN': 56.534979205578566}",0.0,0.7,0.0,0.7,0.0
german_credit,3,,,0.15,0.0,0.0,0.0,,,-0.7,0.0,,0.3,,"{'GTP': 3.609990853816271, 'GFP': 8.446591705083847, 'GTN': 131.55340829491615, 'GFN': 56.39000914618373}",0.0,0.7,0.0,0.7,0.0
german_credit,4,,,0.15,0.0,0.0,0.0,,,-0.7,0.0,,0.3,,"{'GTP': 3.4663130342960358, 'GFP': 8.157121289521456, 'GTN': 131.84287871047854, 'GFN': 56.533686965703964}",0.0,0.7,0.0,0.7,0.0
german_credit,0,,,0.15,0.0,0.0,0.0,,,-0.7,0.0,,0.3,,"{'GTP': 3.306085590273142, 'GFP': 7.764309138059616, 'GTN': 132.23569086194038, 'GFN': 56.69391440972686}",0.0,0.7,0.0,0.7,0.0
german_credit,1,,,0.15,0.0,0.0,0.0,,,-0.7,0.0,,0.3,,"{'GTP': 3.2444120161235332, 'GFP': 7.610018528997898, 'GTN': 132.3899814710021, 'GFN': 56.75558798387647}",0.0,0.7,0.0,0.7,0.0
german_credit,2,,,0.15,0.0,0.0,0.0,,,-0.7,0.0,,0.3,,"{'GTP': 3.407265082001686, 'GFP': 8.002950098365545, 'GTN': 131.99704990163445, 'GFN': 56.592734917998314}",0.0,0.7,0.0,0.7,0.0
german_credit,3,,,0.15,0.0,0.0,0.0,,,-0.7,0.0,,0.3,,"{'GTP': 3.618028748780489, 'GFP': 8.479885999113321, 'GTN': 131.52011400088668, 'GFN': 56.38197125121951}",0.0,0.7,0.0,0.7,0.0
german_credit,4,,,0.15,0.0,0.0,0.0,,,-0.7,0.0,,0.3,,"{'GTP': 3.4079435244202614, 'GFP': 7.964761350303888, 'GTN': 132.0352386496961, 'GFN': 56.59205647557974}",0.0,0.7,0.0,0.7,0.0
german_credit,0,,,0.15,0.0,0.0,0.0,,,-0.7,0.0,,0.3,,"{'GTP': 3.316350817680359, 'GFP': 7.780806258320808, 'GTN': 132.2191937416792, 'GFN': 56.68364918231964}",0.0,0.7,0.0,0.7,0.0
german_credit,1,,,0.15,0.0,0.0,0.0,,,-0.7,0.0,,0.3,,"{'GTP': 3.5606187880039215, 'GFP': 8.317740354686975, 'GTN': 131.68225964531302, 'GFN': 56.43938121199608}",0.0,0.7,0.0,0.7,0.0
german_credit,2,,,0.15,0.0,0.0,0.0,,,-0.7,0.0,,0.3,,"{'GTP': 3.5361390449106693, 'GFP': 8.311779849231243, 'GTN': 131.68822015076876, 'GFN': 56.46386095508933}",0.0,0.7,0.0,0.7,0.0
german_credit,3,,,0.15,0.0,0.0,0.0,,,-0.7,0.0,,0.3,,"{'GTP': 3.588475465774536, 'GFP': 8.39436324313283, 'GTN': 131.60563675686717, 'GFN': 56.411524534225464}",0.0,0.7,0.0,0.7,0.0
german_credit,4,,,0.15,0.0,0.0,0.0,,,-0.7,0.0,,0.3,,"{'GTP': 3.5144331492483616, 'GFP': 8.215854104608297, 'GTN': 131.7841458953917, 'GFN': 56.48556685075164}",0.0,0.7,0.0,0.7,0.0
dutch,0,0.0,0.0,0.0041506495100860075,0.006350830595216034,2.0166524624566018e-05,2.0230638912339035e-05,0.0,0.0,0.00830129902017207,0.0,0.0,0.008301299020172015,0.0,"{'GTP': 2753.020557075739, 'GFP': 3029.479937285185, 'GTN': 3301.520062714815, 'GFN': 2999.979442924261}",0.0,0.5239159218801721,0.0,0.5239159218801721,0.0
dutch,1,0.0,0.0,-0.0006331509464368168,0.0009683245582991727,4.6882622510264394e-07,4.6860046915095695e-07,0.0,0.0,-0.001266301892873689,0.0,0.0,-0.0012663018928736336,0.0,"{'GTP': 2734.729327619076, 'GFP': 3009.6083562374115, 'GTN': 3321.3916437625885, 'GFN': 3018.270672380924}",0.0,0.5239159218801721,0.0,0.5239159218801721,0.0
dutch,2,0.0,0.0,0.003967576910417991,0.006060408514769811,1.836427568294721e-05,1.842023794330785e-05,0.0,0.0,0.007935153820835872,0.0,0.0,0.007935153820835983,0.0,"{'GTP': 2713.791910648346, 'GFP': 2986.721936017275, 'GTN': 3344.278063982725, 'GFN': 3039.208089351654}",0.0,0.5239159218801721,0.0,0.5239159218801721,0.0
dutch,3,0.0,0.0,-0.0070869774242482975,0.010772887395356324,5.802755141651359e-05,5.7714882004799576e-05,0.0,0.0,-0.014173954848496595,0.0,0.0,-0.014173954848496595,0.0,"{'GTP': 2617.5071589946747, 'GFP': 2882.2920632362366, 'GTN': 3449.7079367637634, 'GFN': 3134.4928410053253}",0.0,0.5239986759351208,0.0,0.5239986759351208,0.0
dutch,4,0.0,0.0,-0.0006324307458178968,0.0009658750058247631,4.6645726343849316e-07,4.6623244236316874e-07,0.0,0.0,-0.0012648614916357381,0.0,0.0,-0.0012648614916357936,0.0,"{'GTP': 2715.3495646715164, 'GFP': 2989.9422357082367, 'GTN': 3342.0577642917633, 'GFN': 3036.6504353284836}",0.0,0.5239986759351208,0.0,0.5239986759351208,0.0
dutch,0,0.0,0.0,0.0006050056146160165,0.0011329182843225422,6.417519194761664e-07,6.41847748923398e-07,0.0,0.0,0.001210011229232033,0.0,0.0,0.001210011229232033,0.0,"{'GTP': 2789.4507705271244, 'GFP': 3069.588149011135, 'GTN': 3261.411850988865, 'GFN': 2963.5492294728756}",0.0,0.5239159218801721,0.0,0.5239159218801721,0.0
dutch,1,0.0,0.0,-0.001126913566488752,0.0021070777306858362,2.219888281576087e-06,2.219250601193647e-06,0.0,0.0,-0.002253827132977504,0.0,0.0,-0.002253827132977504,0.0,"{'GTP': 2741.8224868178368, 'GFP': 3017.535853087902, 'GTN': 3313.464146912098, 'GFN': 3011.1775131821632}",0.0,0.5239159218801721,0.0,0.5239159218801721,0.0
dutch,2,0.0,0.0,0.008399215033841917,0.015697549541388137,0.00012320653080216746,0.0001234799186341274,0.0,0.0,0.01679843006768378,0.0,0.0,0.016798430067683834,0.0,"{'GTP': 2705.0498614907265, 'GFP': 2978.1490650177, 'GTN': 3352.8509349823, 'GFN': 3047.9501385092735}",0.0,0.5239159218801721,0.0,0.5239159218801721,0.0
dutch,3,0.0,0.0,-0.002506796814344764,0.004683795964007399,1.0968972316226003e-05,1.0961897485666145e-05,0.0,0.0,-0.005013593628689583,0.0,0.0,-0.005013593628689528,0.0,"{'GTP': 2712.8558242619038, 'GFP': 2986.997076958418, 'GTN': 3345.002923041582, 'GFN': 3039.1441757380962}",0.0,0.5239986759351208,0.0,0.5239986759351208,0.0
dutch,4,0.0,0.0,-0.005397371609791091,0.010094811033567642,5.095260490171951e-05,5.088405935469494e-05,0.0,0.0,-0.010794743219582181,0.0,0.0,-0.010794743219582181,0.0,"{'GTP': 2731.14109146595, 'GFP': 3008.0049356520176, 'GTN': 3323.9950643479824, 'GFN': 3020.85890853405}",0.0,0.5239986759351208,0.0,0.5239986759351208,0.0
dutch,0,0.0,0.0,0.0032325559705771167,0.004955187914519082,1.2276943634097984e-05,1.2247014738689364e-05,0.0,0.0,0.006465111941154289,0.0,0.0,0.0064651119411542335,0.0,"{'GTP': 2743.119336873293, 'GFP': 3018.8768866360188, 'GTN': 3312.1231133639812, 'GFN': 3009.880663126707}",0.0,0.5239159218801721,0.0,0.5239159218801721,0.0
dutch,1,0.0,0.0,0.0010597713447136337,0.0016142503918146257,1.3029021637368362e-06,1.3018452236081629e-06,0.0,0.0,0.0021195426894272673,0.0,0.0,0.0021195426894272673,0.0,"{'GTP': 2747.054766088724, 'GFP': 3023.3594172894955, 'GTN': 3307.6405827105045, 'GFN': 3005.945233911276}",0.0,0.5239159218801721,0.0,0.5239159218801721,0.0
dutch,2,0.0,0.0,-0.008668366214541423,0.01319335975367084,8.703237079489073e-05,8.762010844384122e-05,0.0,0.0,-0.017336732429082957,0.0,0.0,-0.017336732429082846,0.0,"{'GTP': 2703.3024250864983, 'GFP': 2974.9214304089546, 'GTN': 3356.0785695910454, 'GFN': 3049.6975749135017}",0.0,0.5239159218801721,0.0,0.5239159218801721,0.0
dutch,3,0.0,0.0,-0.003264782610051531,0.004989202210542365,1.2446069348840407e-05,1.2477202658915227e-05,0.0,0.0,-0.006529565220103062,0.0,0.0,-0.006529565220103062,0.0,"{'GTP': 2717.168693035841, 'GFP': 2991.369021832943, 'GTN': 3340.630978167057, 'GFN': 3034.831306964159}",0.0,0.5239986759351208,0.0,0.5239986759351208,0.0
dutch,4,0.0,0.0,0.007455291922299934,0.011391327263857698,6.488116841615384e-05,6.45169406395262e-05,0.0,0.0,0.014910583844599756,0.0,0.0,0.014910583844599867,0.0,"{'GTP': 2719.1750381290913, 'GFP': 2993.404121041298, 'GTN': 3338.595878958702, 'GFN': 3032.8249618709087}",0.0,0.5239986759351208,0.0,0.5239986759351208,0.0
dutch,0,0.0,0.0,0.0041506495100860075,0.006350830595216034,2.0166524624566018e-05,2.0230638912339035e-05,0.0,0.0,0.00830129902017207,0.0,0.0,0.008301299020172015,0.0,"{'GTP': 2743.6321035027504, 'GFP': 3019.297532528639, 'GTN': 3311.702467471361, 'GFN': 3009.3678964972496}",0.0,0.5239159218801721,0.0,0.5239159218801721,0.0
dutch,1,0.0,0.0,-0.0006331509464368168,0.0009683245582991727,4.6882622510264394e-07,4.6860046915095695e-07,0.0,0.0,-0.001266301892873689,0.0,0.0,-0.0012663018928736336,0.0,"{'GTP': 2753.011571198702, 'GFP': 3029.6951435506344, 'GTN': 3301.3048564493656, 'GFN': 2999.988428801298}",0.0,0.5239159218801721,0.0,0.5239159218801721,0.0
dutch,2,0.0,0.0,0.003967576910417991,0.006060408514769811,1.836427568294721e-05,1.842023794330785e-05,0.0,0.0,0.007935153820835872,0.0,0.0,0.007935153820835983,0.0,"{'GTP': 2715.7705394923687, 'GFP': 2988.8636948764324, 'GTN': 3342.1363051235676, 'GFN': 3037.2294605076313}",0.0,0.5239159218801721,0.0,0.5239159218801721,0.0
dutch,3,0.0,0.0,-0.0070869774242482975,0.010772887395356324,5.802755141651359e-05,5.7714882004799576e-05,0.0,0.0,-0.014173954848496595,0.0,0.0,-0.014173954848496595,0.0,"{'GTP': 2731.3771791756153, 'GFP': 3006.6143115460873, 'GTN': 3325.3856884539127, 'GFN': 3020.6228208243847}",0.0,0.5239986759351208,0.0,0.5239986759351208,0.0
dutch,4,0.0,0.0,-0.0006324307458178968,0.0009658750058247631,4.6645726343849316e-07,4.6623244236316874e-07,0.0,0.0,-0.0012648614916357381,0.0,0.0,-0.0012648614916357936,0.0,"{'GTP': 2717.225858837366, 'GFP': 2991.991991430521, 'GTN': 3340.008008569479, 'GFN': 3034.774141162634}",0.0,0.5239986759351208,0.0,0.5239986759351208,0.0
bank,0,,,0.0,2.1073424255447017e-08,2.220446049250313e-16,2.5146516748115944e-16,,,0.0,0.0,,0.0,,"{'GTP': 0.27691787385265343, 'GFP': 2.0896614804514684, 'GTN': 7982.9103385195485, 'GFN': 1057.7230821261473}",0.0,0.8830034280659074,0.0,0.8830034280659074,0.0
bank,1,,,0.0,,-1.1102230246251565e-16,-1.25718679883039e-16,,,0.0,0.0,,0.0,,"{'GTP': 0.23840845852100756, 'GFP': 1.800644640592509, 'GTN': 7983.1993553594075, 'GFN': 1056.761591541479}",0.0,0.8831010838310108,0.0,0.8831010838310108,0.0
bank,2,,,0.0,2.1073424255447017e-08,2.220446049250313e-16,2.514688524213593e-16,,,0.0,0.0,,0.0,,"{'GTP': 0.24475457771040965, 'GFP': 1.8490025240753312, 'GTN': 7982.150997475925, 'GFN': 1057.7552454222896}",0.0,0.8829904888299049,0.0,0.8829904888299049,0.0
bank,3,,,0.0,2.1073424255447017e-08,2.220446049250313e-16,2.514688524213593e-16,,,0.0,0.0,,0.0,,"{'GTP': 0.2724131952272728, 'GFP': 2.059157609779504, 'GTN': 7981.9408423902205, 'GFN': 1057.7275868047727}",0.0,0.8829904888299049,0.0,0.8829904888299049,0.0
bank,4,,,0.0,2.1073424255447017e-08,2.220446049250313e-16,2.514688524213593e-16,,,0.0,0.0,,0.0,,"{'GTP': 0.25903019722318277, 'GFP': 1.9543924588069785, 'GTN': 7982.045607541193, 'GFN': 1057.7409698027768}",0.0,0.8829904888299049,0.0,0.8829904888299049,0.0
bank,0,,,0.0,2.1073424255447017e-08,2.220446049250313e-16,2.5146516748115944e-16,,,0.0,0.0,,0.0,,"{'GTP': 0.3131954077689443, 'GFP': 2.3657127041660715, 'GTN': 7982.634287295834, 'GFN': 1057.686804592231}",0.0,0.8830034280659074,0.0,0.8830034280659074,0.0
bank,1,,,0.0,,-1.1102230246251565e-16,-1.25718679883039e-16,,,0.0,0.0,,0.0,,"{'GTP': 0.27591988060157746, 'GFP': 2.0846011038229335, 'GTN': 7982.915398896177, 'GFN': 1056.7240801193984}",0.0,0.8831010838310108,0.0,0.8831010838310108,0.0
bank,2,,,0.0,2.1073424255447017e-08,2.220446049250313e-16,2.514688524213593e-16,,,0.0,0.0,,0.0,,"{'GTP': 0.28218340675812215, 'GFP': 2.1343492547312053, 'GTN': 7981.865650745269, 'GFN': 1057.7178165932419}",0.0,0.8829904888299049,0.0,0.8829904888299049,0.0
bank,3,,,0.0,2.1073424255447017e-08,2.220446049250313e-16,2.514688524213593e-16,,,0.0,0.0,,0.0,,"{'GTP': 0.2883916349383071, 'GFP': 2.179095834857435, 'GTN': 7981.820904165143, 'GFN': 1057.7116083650617}",0.0,0.8829904888299049,0.0,0.8829904888299049,0.0
bank,4,,,0.0,2.1073424255447017e-08,2.220446049250313e-16,2.514688524213593e-16,,,0.0,0.0,,0.0,,"{'GTP': 0.26017562502238434, 'GFP': 1.9641466008906718, 'GTN': 7982.035853399109, 'GFN': 1057.7398243749776}",0.0,0.8829904888299049,0.0,0.8829904888299049,0.0
bank,0,,,0.0,2.1073424255447017e-08,2.220446049250313e-16,2.5146516748115944e-16,,,0.0,0.0,,0.0,,"{'GTP': 0.27967748782248236, 'GFP': 2.111341534749954, 'GTN': 7982.88865846525, 'GFN': 1057.7203225121775}",0.0,0.8830034280659074,0.0,0.8830034280659074,0.0
bank,1,,,0.0,,-1.1102230246251565e-16,-1.25718679883039e-16,,,0.0,0.0,,0.0,,"{'GTP': 0.25666087261924986, 'GFP': 1.9382257324032253, 'GTN': 7983.061774267597, 'GFN': 1056.7433391273808}",0.0,0.8831010838310108,0.0,0.8831010838310108,0.0
bank,2,,,0.0,2.1073424255447017e-08,2.220446049250313e-16,2.514688524213593e-16,,,0.0,0.0,,0.0,,"{'GTP': 0.2595903640903998, 'GFP': 1.964032283736742, 'GTN': 7982.035967716263, 'GFN': 1057.7404096359096}",0.0,0.8829904888299049,0.0,0.8829904888299049,0.0
bank,3,,,0.0,2.1073424255447017e-08,2.220446049250313e-16,2.514688524213593e-16,,,0.0,0.0,,0.0,,"{'GTP': 0.2562793369870633, 'GFP': 1.9349962437845534, 'GTN': 7982.065003756215, 'GFN': 1057.743720663013}",0.0,0.8829904888299049,0.0,0.8829904888299049,0.0
bank,4,,,0.0,2.1073424255447017e-08,2.220446049250313e-16,2.514688524213593e-16,,,0.0,0.0,,0.0,,"{'GTP': 0.23720709602639545, 'GFP': 1.7925782015081495, 'GTN': 7982.207421798492, 'GFN': 1057.7627929039736}",0.0,0.8829904888299049,0.0,0.8829904888299049,0.0
bank,0,,,0.0,2.1073424255447017e-08,2.220446049250313e-16,2.5146516748115944e-16,,,0.0,0.0,,0.0,,"{'GTP': 0.2522765610192437, 'GFP': 1.9029303300776519, 'GTN': 7983.097069669922, 'GFN': 1057.7477234389808}",0.0,0.8830034280659074,0.0,0.8830034280659074,0.0
bank,1,,,0.0,,-1.1102230246251565e-16,-1.25718679883039e-16,,,0.0,0.0,,0.0,,"{'GTP': 0.2649623948673252, 'GFP': 2.0031024221680127, 'GTN': 7982.996897577832, 'GFN': 1056.7350376051327}",0.0,0.8831010838310108,0.0,0.8831010838310108,0.0
bank,2,,,0.0,2.1073424255447017e-08,2.220446049250313e-16,2.514688524213593e-16,,,0.0,0.0,,0.0,,"{'GTP': 0.22034157888265327, 'GFP': 1.66544182538928, 'GTN': 7982.334558174611, 'GFN': 1057.7796584211173}",0.0,0.8829904888299049,0.0,0.8829904888299049,0.0
bank,3,,,0.0,2.1073424255447017e-08,2.220446049250313e-16,2.514688524213593e-16,,,0.0,0.0,,0.0,,"{'GTP': 0.27760814217617735, 'GFP': 2.0938121176877758, 'GTN': 7981.906187882312, 'GFN': 1057.7223918578238}",0.0,0.8829904888299049,0.0,0.8829904888299049,0.0
bank,4,,,0.0,2.1073424255447017e-08,2.220446049250313e-16,2.514688524213593e-16,,,0.0,0.0,,0.0,,"{'GTP': 0.282820193155203, 'GFP': 2.1395100845838897, 'GTN': 7981.860489915416, 'GFN': 1057.7171798068448}",0.0,0.8829904888299049,0.0,0.8829904888299049,0.0
credit_card,0,,,0.0,2.1073424255447017e-08,2.220446049250313e-16,2.851600234482423e-16,,,0.0,0.0,,0.0,,"{'GTP': 2.8806540216319263, 'GFP': 10.1597995669581, 'GTN': 4661.840200433042, 'GFN': 1325.119345978368}",0.0,0.7786666666666666,0.0,0.7786666666666666,0.0
credit_card,1,,,0.0,2.1073424255447017e-08,2.220446049250313e-16,2.850990005457282e-16,,,0.0,0.0,,0.0,,"{'GTP': 2.5640047637280077, 'GFP': 9.016447785543278, 'GTN': 4663.983552214457, 'GFN': 1324.435995236272}",0.0,0.7788333333333334,0.0,0.7788333333333334,0.0
credit_card,2,,,0.0,2.1073424255447017e-08,2.220446049250313e-16,2.850990005457282e-16,,,0.0,0.0,,0.0,,"{'GTP': 2.927250202745199, 'GFP': 10.314584118430503, 'GTN': 4662.6854158815695, 'GFN': 1324.0727497972548}",0.0,0.7788333333333334,0.0,0.7788333333333334,0.0
credit_card,3,,,0.0,2.1073424255447017e-08,2.220446049250313e-16,2.850990005457282e-16,,,0.0,0.0,,0.0,,"{'GTP': 2.8849861443741247, 'GFP': 10.161200936185196, 'GTN': 4662.838799063815, 'GFN': 1324.1150138556259}",0.0,0.7788333333333334,0.0,0.7788333333333334,0.0
credit_card,4,,,0.0,2.1073424255447017e-08,2.220446049250313e-16,2.850990005457282e-16,,,0.0,0.0,,0.0,,"{'GTP': 2.4826634778873995, 'GFP': 8.749721163301729, 'GTN': 4664.250278836698, 'GFN': 1324.5173365221126}",0.0,0.7788333333333334,0.0,0.7788333333333334,0.0
credit_card,0,,,0.0,2.1073424255447017e-08,2.220446049250313e-16,2.851600234482423e-16,,,0.0,0.0,,0.0,,"{'GTP': 1.278160585614387, 'GFP': 4.508044020738453, 'GTN': 4667.491955979262, 'GFN': 1326.7218394143856}",0.0,0.7786666666666666,0.0,0.7786666666666666,0.0
credit_card,1,,,0.0,2.1073424255447017e-08,2.220446049250313e-16,2.850990005457282e-16,,,0.0,0.0,,0.0,,"{'GTP': 1.0613172124722041, 'GFP': 3.736325610312633, 'GTN': 4669.263674389687, 'GFN': 1325.9386827875278}",0.0,0.7788333333333334,0.0,0.7788333333333334,0.0
credit_card,2,,,0.0,2.1073424255447017e-08,2.220446049250313e-16,2.850990005457282e-16,,,0.0,0.0,,0.0,,"{'GTP': 1.2703481665230356, 'GFP': 4.477580645063426, 'GTN': 4668.522419354937, 'GFN': 1325.729651833477}",0.0,0.7788333333333334,0.0,0.7788333333333334,0.0
credit_card,3,,,0.0,2.1073424255447017e-08,2.220446049250313e-16,2.850990005457282e-16,,,0.0,0.0,,0.0,,"{'GTP': 1.4579930716427043, 'GFP': 5.133980546845123, 'GTN': 4667.866019453155, 'GFN': 1325.5420069283573}",0.0,0.7788333333333334,0.0,0.7788333333333334,0.0
credit_card,4,,,0.0,2.1073424255447017e-08,2.220446049250313e-16,2.850990005457282e-16,,,0.0,0.0,,0.0,,"{'GTP': 1.0452702235197648, 'GFP': 3.6869645111146383, 'GTN': 4669.313035488885, 'GFN': 1325.9547297764802}",0.0,0.7788333333333334,0.0,0.7788333333333334,0.0
credit_card,0,,,0.0,0.007584885476939018,2.8765243849140217e-05,2.8878154249446434e-05,,,0.0,0.0,,0.0,,"{'GTP': 1.332272794272285, 'GFP': 4.701243546616752, 'GTN': 4667.298756453383, 'GFN': 1326.6677272057277}",0.0,0.7786666666666666,0.0,0.7786666666666666,0.0
credit_card,1,,,0.0,0.005960611955878871,1.7764447444283073e-05,1.771220651162479e-05,,,0.0,0.0,,0.0,,"{'GTP': 1.3345118087017909, 'GFP': 4.697255221079104, 'GTN': 4668.302744778921, 'GFN': 1325.6654881912982}",0.0,0.7788333333333334,0.0,0.7788333333333334,0.0
credit_card,2,,,0.0,0.006861318357793374,2.353884480349618e-05,2.3620274562590637e-05,,,0.0,0.0,,0.0,,"{'GTP': 1.7541688703931868, 'GFP': 6.178695701528341, 'GTN': 4666.821304298472, 'GFN': 1325.2458311296068}",0.0,0.7788333333333334,0.0,0.7788333333333334,0.0
credit_card,3,,,0.0,0.0075356051000775685,2.839267211215753e-05,2.8288108675352437e-05,,,0.0,0.0,,0.0,,"{'GTP': 1.6252163420431316, 'GFP': 5.720695193740539, 'GTN': 4667.2793048062595, 'GFN': 1325.3747836579569}",0.0,0.7788333333333334,0.0,0.7788333333333334,0.0
credit_card,4,,,0.0,0.0003882104406780478,7.535367312572205e-08,7.533912868029624e-08,,,0.0,0.0,,0.0,,"{'GTP': 1.426040427526459, 'GFP': 5.029486040119082, 'GTN': 4667.970513959881, 'GFN': 1325.5739595724735}",0.0,0.7788333333333334,0.0,0.7788333333333334,0.0
credit_card,0,,,0.0,0.004612167976677618,1.0636046722545256e-05,1.0659324626915397e-05,,,0.0,0.0,,0.0,,"{'GTP': 294.8512808829546, 'GFP': 1038.5145280957222, 'GTN': 3633.485471904278, 'GFN': 1033.1487191170454}",0.0,0.7786666666666666,0.0,0.7786666666666666,0.0
credit_card,1,,,0.0,0.0015709417645703811,1.2339290138357514e-06,1.2348823440720598e-06,,,0.0,0.0,,0.0,,"{'GTP': 310.20265489816666, 'GFP': 1092.8119395971298, 'GTN': 3580.18806040287, 'GFN': 1016.7973451018333}",0.0,0.7788333333333334,0.0,0.7788333333333334,0.0
credit_card,2,,,0.0,0.005887640811449898,1.7332157162325207e-05,1.7280972177320977e-05,,,0.0,0.0,,0.0,,"{'GTP': 307.4552941471338, 'GFP': 1085.112650707364, 'GTN': 3587.887349292636, 'GFN': 1019.5447058528662}",0.0,0.7788333333333334,0.0,0.7788333333333334,0.0
credit_card,3,,,0.0,0.005419589330802096,1.4685974257271953e-05,1.4645892824797002e-05,,,0.0,0.0,,0.0,,"{'GTP': 303.54114055633545, 'GFP': 1068.070656567812, 'GTN': 3604.929343432188, 'GFN': 1023.4588594436646}",0.0,0.7788333333333334,0.0,0.7788333333333334,0.0
credit_card,4,,,0.0,0.004960785129062899,1.2304694548365802e-05,1.2337057236055345e-05,,,0.0,0.0,,0.0,,"{'GTP': 273.9480955451727, 'GFP': 964.9861505031586, 'GTN': 3708.0138494968414, 'GFN': 1053.0519044548273}",0.0,0.7788333333333334,0.0,0.7788333333333334,0.0
compass_7k,0,,,0.22753036437246962,2.1073424255447017e-08,2.220446049250313e-16,4.074666970021006e-16,,,-0.5449392712550607,0.0,,0.45506072874493925,,"{'GTP': 7.62969683855772, 'GFP': 9.118781831115484, 'GTN': 663.8812181688845, 'GFN': 554.3703031614423}",0.0,0.5449392712550607,0.0,0.5449392712550607,0.0
compass_7k,1,,,0.22753036437246962,2.1073424255447017e-08,2.220446049250313e-16,4.074666970021006e-16,,,-0.5449392712550607,0.0,,0.45506072874493925,,"{'GTP': 8.399347295984626, 'GFP': 10.022062348201871, 'GTN': 662.9779376517981, 'GFN': 553.6006527040154}",0.0,0.5449392712550607,0.0,0.5449392712550607,0.0
compass_7k,2,,,0.2273095623987034,0.0,0.0,0.0,,,-0.5453808752025932,0.0,,0.4546191247974068,,"{'GTP': 7.814699897542596, 'GFP': 9.336749631911516, 'GTN': 663.6632503680885, 'GFN': 553.1853001024574}",0.0,0.5453808752025932,0.0,0.5453808752025932,0.0
compass_7k,3,,,0.22771474878444084,0.0,0.0,0.0,,,-0.5445705024311183,0.0,,0.4554294975688817,,"{'GTP': 7.6250649793073535, 'GFP': 9.083783645182848, 'GTN': 662.9162163548172, 'GFN': 554.3749350206926}",0.0,0.5445705024311183,0.0,0.5445705024311183,0.0
compass_7k,4,,,0.22771474878444084,0.0,0.0,0.0,,,-0.5445705024311183,0.0,,0.4554294975688817,,"{'GTP': 7.806652374565601, 'GFP': 9.326577327214181, 'GTN': 662.6734226727858, 'GFN': 554.1933476254344}",0.0,0.5445705024311183,0.0,0.5445705024311183,0.0
compass_7k,0,,,0.22753036437246962,2.1073424255447017e-08,2.220446049250313e-16,4.074666970021006e-16,,,-0.5449392712550607,0.0,,0.45506072874493925,,"{'GTP': 7.128796872682869, 'GFP': 8.551602514460683, 'GTN': 664.4483974855393, 'GFN': 554.8712031273171}",0.0,0.5449392712550607,0.0,0.5449392712550607,0.0
compass_7k,1,,,0.22753036437246962,2.1073424255447017e-08,2.220446049250313e-16,4.074666970021006e-16,,,-0.5449392712550607,0.0,,0.45506072874493925,,"{'GTP': 7.476443258114159, 'GFP': 8.930993234738708, 'GTN': 664.0690067652613, 'GFN': 554.5235567418858}",0.0,0.5449392712550607,0.0,0.5449392712550607,0.0
compass_7k,2,,,0.2273095623987034,0.0,0.0,0.0,,,-0.5453808752025932,0.0,,0.4546191247974068,,"{'GTP': 7.422407361678779, 'GFP': 8.952676287852228, 'GTN': 664.0473237121478, 'GFN': 553.5775926383212}",0.0,0.5453808752025932,0.0,0.5453808752025932,0.0
compass_7k,3,,,0.22771474878444084,0.0,0.0,0.0,,,-0.5445705024311183,0.0,,0.4554294975688817,,"{'GTP': 7.999526328407228, 'GFP': 9.559061648324132, 'GTN': 662.4409383516759, 'GFN': 554.0004736715928}",0.0,0.5445705024311183,0.0,0.5445705024311183,0.0
compass_7k,4,,,0.22771474878444084,0.0,0.0,0.0,,,-0.5445705024311183,0.0,,0.4554294975688817,,"{'GTP': 7.544938128441572, 'GFP': 9.036032103002071, 'GTN': 662.9639678969979, 'GFN': 554.4550618715584}",0.0,0.5445705024311183,0.0,0.5445705024311183,0.0
compass_7k,0,,,0.2206405693950178,0.552405235718828,0.15257577222478697,0.1295474561230923,,,-0.4412811387900356,0.5587188612099644,,0.0,,"{'GTP': 260.22052550315857, 'GFP': 312.6905900835991, 'GTN': 360.3094099164009, 'GFN': 301.77947449684143}",0.4412811387900356,0.5408805031446541,0.22753036437246962,0.5182186234817814,0.2941874258600237
compass_7k,1,,,0.22807017543859648,0.5311069110125732,0.1410372754626587,0.1153512874635163,,,-0.45614035087719296,0.543859649122807,,0.0,,"{'GTP': 250.01872009038925, 'GFP': 299.6980426311493, 'GTN': 373.3019573688507, 'GFN': 311.98127990961075}",0.45614035087719296,0.5451837140019861,0.18461538461538463,0.5287449392712551,0.26329113924050634
compass_7k,2,,,0.21041666666666667,0.5574066337441078,0.15535107767096898,0.12753199903986998,,,-0.4208333333333334,0.5791666666666667,,0.0,,"{'GTP': 252.61566281318665, 'GFP': 305.6823270916939, 'GTN': 367.3176729083061, 'GFN': 308.38433718681335}",0.42083333333333334,0.5372233400402414,0.19448946515397084,0.5145867098865479,0.25218476903870163
compass_7k,3,,,0.226890756302521,0.5361207116759981,0.1437127087439893,0.1183980582560858,,,-0.45378151260504196,0.5462184873949579,,0.0,,"{'GTP': 253.9211903512478, 'GFP': 303.97266295552254, 'GTN': 368.02733704447746, 'GFN': 308.0788096487522}",0.453781512605042,0.5441767068273092,0.19286871961102106,0.526742301458671,0.27
compass_7k,4,,,0.25201612903225806,0.5048029554815051,0.12741301193143123,0.10663993237011178,,,-0.5040322580645161,0.4959677419354839,,0.0,,"{'GTP': 259.1970599591732, 'GFP': 307.1418350338936, 'GTN': 364.8581649661064, 'GFN': 302.8029400408268}",0.5040322580645161,0.5567951318458418,0.20097244732576985,0.546191247974068,0.30864197530864196
compass_7k,0,,,0.22896281800391388,0.004416758248260171,9.753876711787128e-06,9.758941119951488e-06,,,-0.5420743639921722,0.0,,0.45792563600782776,,"{'GTP': 260.9299518764019, 'GFP': 312.5669103562832, 'GTN': 360.4330896437168, 'GFN': 301.0700481235981}",0.0,0.5449392712550607,0.0,0.5449392712550607,0.0
compass_7k,1,,,0.22577319587628866,0.005186036092682801,1.344748517730435e-05,1.3437342822068703e-05,,,-0.5484536082474227,0.0,,0.4515463917525773,,"{'GTP': 257.3439646959305, 'GFP': 308.3925198018551, 'GTN': 364.6074801981449, 'GFN': 304.6560353040695}",0.0,0.5449392712550607,0.0,0.5449392712550607,0.0
compass_7k,2,,,0.21234309623430964,0.04364177539744006,0.0009523022799203024,0.0009462549200239086,,,-0.5753138075313807,0.0,,0.4246861924686193,,"{'GTP': 254.70122253894806, 'GFP': 307.58202028274536, 'GTN': 365.41797971725464, 'GFN': 306.29877746105194}",0.0,0.5453808752025932,0.0,0.5453808752025932,0.0
compass_7k,3,,,0.2390852390852391,0.033375680125655664,0.0005569680119250432,0.000559895195247863,,,-0.5218295218295218,0.0,,0.4781704781704782,,"{'GTP': 261.9511490762234, 'GFP': 314.29495680332184, 'GTN': 357.70504319667816, 'GFN': 300.0488509237766}",0.0,0.5445705024311183,0.0,0.5445705024311183,0.0
compass_7k,4,,,0.23151750972762647,0.011800223100726348,6.962263261345788e-05,6.971717593675519e-05,,,-0.5369649805447471,0.0,,0.46303501945525294,,"{'GTP': 261.6685622036457, 'GFP': 313.3641172647476, 'GTN': 358.6358827352524, 'GFN': 300.3314377963543}",0.0,0.5445705024311183,0.0,0.5445705024311183,0.0
compass_4k,0,,,0.08094645080946451,0.0,0.0,0.0,,,-0.838107098381071,0.0,,0.16189290161892902,,"{'GTP': 2.1556982127949595, 'GFP': 11.269252781756222, 'GTN': 661.7307472182438, 'GFN': 127.84430178720504}",0.0,0.838107098381071,0.0,0.838107098381071,0.0
compass_4k,1,,,0.08094645080946451,0.0,0.0,0.0,,,-0.838107098381071,0.0,,0.16189290161892902,,"{'GTP': 2.0576801942661405, 'GFP': 10.69330547656864, 'GTN': 662.3066945234314, 'GFN': 127.94231980573386}",0.0,0.838107098381071,0.0,0.838107098381071,0.0
compass_4k,2,,,0.08094645080946451,0.0,0.0,0.0,,,-0.838107098381071,0.0,,0.16189290161892902,,"{'GTP': 1.8363818088546395, 'GFP': 9.572986414656043, 'GTN': 663.427013585344, 'GFN': 128.16361819114536}",0.0,0.838107098381071,0.0,0.838107098381071,0.0
compass_4k,3,,,0.08156911581569116,0.0,0.0,0.0,,,-0.8368617683686177,0.0,,0.16313823163138233,,"{'GTP': 2.0841701552271843, 'GFP': 10.790991531684995, 'GTN': 661.209008468315, 'GFN': 128.91582984477282}",0.0,0.8368617683686177,0.0,0.8368617683686177,0.0
compass_4k,4,,,0.08156911581569116,0.0,0.0,0.0,,,-0.8368617683686177,0.0,,0.16313823163138233,,"{'GTP': 2.139817609451711, 'GFP': 10.998079655691981, 'GTN': 661.001920344308, 'GFN': 128.8601823905483}",0.0,0.8368617683686177,0.0,0.8368617683686177,0.0
compass_4k,0,,,0.08094645080946451,0.0,0.0,0.0,,,-0.838107098381071,0.0,,0.16189290161892902,,"{'GTP': 2.1064173774793744, 'GFP': 11.136464474722743, 'GTN': 661.8635355252773, 'GFN': 127.89358262252063}",0.0,0.838107098381071,0.0,0.838107098381071,0.0
compass_4k,1,,,0.08094645080946451,0.0,0.0,0.0,,,-0.838107098381071,0.0,,0.16189290161892902,,"{'GTP': 2.1034214701503515, 'GFP': 11.073272817768157, 'GTN': 661.9267271822318, 'GFN': 127.89657852984965}",0.0,0.838107098381071,0.0,0.838107098381071,0.0
compass_4k,2,,,0.08094645080946451,0.0,0.0,0.0,,,-0.838107098381071,0.0,,0.16189290161892902,,"{'GTP': 1.9043381055817008, 'GFP': 10.030995865352452, 'GTN': 662.9690041346475, 'GFN': 128.0956618944183}",0.0,0.838107098381071,0.0,0.838107098381071,0.0
compass_4k,3,,,0.08156911581569116,0.0,0.0,0.0,,,-0.8368617683686177,0.0,,0.16313823163138233,,"{'GTP': 1.8441075887531042, 'GFP': 9.467783221043646, 'GTN': 662.5322167789564, 'GFN': 129.1558924112469}",0.0,0.8368617683686177,0.0,0.8368617683686177,0.0
compass_4k,4,,,0.08156911581569116,0.0,0.0,0.0,,,-0.8368617683686177,0.0,,0.16313823163138233,,"{'GTP': 2.300017370842397, 'GFP': 11.76878631580621, 'GTN': 660.2312136841938, 'GFN': 128.6999826291576}",0.0,0.8368617683686177,0.0,0.8368617683686177,0.0
compass_4k,0,,,0.08917197452229299,0.037183890970033585,0.0006913208738356726,0.0006800509061773408,,,-0.821656050955414,0.0,,0.17834394904458598,,"{'GTP': 20.816606745123863, 'GFP': 111.64701487123966, 'GTN': 561.3529851287603, 'GFN': 109.18339325487614}",0.0,0.838107098381071,0.0,0.838107098381071,0.0
compass_4k,1,,,0.07573415765069552,0.025330814348291375,0.0003208250777738021,0.00032513161825961173,,,-0.848531684698609,0.0,,0.15146831530139104,,"{'GTP': 20.272162184119225, 'GFP': 104.24118873476982, 'GTN': 568.7588112652302, 'GFN': 109.72783781588078}",0.0,0.838107098381071,0.0,0.838107098381071,0.0
compass_4k,2,,,0.08018867924528301,0.003528897979304132,6.226560474168393e-06,6.237140601453116e-06,,,-0.839622641509434,0.0,,0.16037735849056603,,"{'GTP': 21.227505818009377, 'GFP': 109.58641543984413, 'GTN': 563.4135845601559, 'GFN': 108.77249418199062}",0.0,0.838107098381071,0.0,0.838107098381071,0.0
compass_4k,3,,,0.0804953560371517,0.005205348758743911,1.3547827850078388e-05,1.3584129064228723e-05,,,-0.8390092879256966,0.0,,0.1609907120743034,,"{'GTP': 20.8042683750391, 'GFP': 106.29639868438244, 'GTN': 565.7036013156176, 'GFN': 110.1957316249609}",0.0,0.8368617683686177,0.0,0.8368617683686177,0.0
compass_4k,4,,,0.08091603053435115,0.0032834919533624805,5.390659703898079e-06,5.400302779521963e-06,,,-0.8381679389312977,0.0,,0.1618320610687023,,"{'GTP': 21.16874597966671, 'GFP': 108.36335344612598, 'GTN': 563.636646553874, 'GFN': 109.83125402033329}",0.0,0.8368617683686177,0.0,0.8368617683686177,0.0
compass_4k,0,,,0.07253086419753087,0.016516560752700686,0.0001363983895488263,0.00013611003972961914,,,-0.8549382716049383,0.0,,0.14506172839506173,,"{'GTP': 20.461930707097054, 'GFP': 107.54995884001255, 'GTN': 565.4500411599874, 'GFN': 109.53806929290295}",0.0,0.838107098381071,0.0,0.838107098381071,0.0
compass_4k,1,,,0.08307210031347963,0.004118080132568956,8.479291989129576e-06,8.48420787388239e-06,,,-0.8338557993730408,0.0,,0.16614420062695925,,"{'GTP': 20.402308508753777, 'GFP': 107.29382391273975, 'GTN': 565.7061760872602, 'GFN': 109.59769149124622}",0.0,0.838107098381071,0.0,0.838107098381071,0.0
compass_4k,2,,,0.08459214501510574,0.007285405215047978,2.6538564573724135e-05,2.6561820265478078e-05,,,-0.8308157099697885,0.0,,0.1691842900302115,,"{'GTP': 21.308988496661186, 'GFP': 110.17897532880306, 'GTN': 562.8210246711969, 'GFN': 108.69101150333881}",0.0,0.838107098381071,0.0,0.838107098381071,0.0
compass_4k,3,,,0.08166666666666667,0.0001800462015611616,1.6208317348301212e-08,1.6208825888355576e-08,,,-0.8366666666666667,0.0,,0.16333333333333333,,"{'GTP': 20.660039007663727, 'GFP': 106.26420027017593, 'GTN': 565.7357997298241, 'GFN': 110.33996099233627}",0.0,0.8368617683686177,0.0,0.8368617683686177,0.0
compass_4k,4,,,0.08433734939759036,0.005554405586042874,1.5425710707132142e-05,1.543583917074126e-05,,,-0.8313253012048193,0.0,,0.1686746987951807,,"{'GTP': 19.930740475654602, 'GFP': 102.26614059507847, 'GTN': 569.7338594049215, 'GFN': 111.0692595243454}",0.0,0.8368617683686177,0.0,0.8368617683686177,0.0
diabetes,0,,,-0.37897845346166464,2.1073424255447017e-08,2.220446049250313e-16,0.0,,,0.2420430930766707,0.0,,-0.7579569069233293,,"{'GTP': 23.5251049506478, 'GFP': 7.513813565950841, 'GTN': 2205.486186434049, 'GFN': 6906.474895049352}",0.0,0.24204309307667068,0.0,0.24204309307667068,0.0
diabetes,1,,,-0.37897845346166464,2.1073424255447017e-08,2.220446049250313e-16,0.0,,,0.2420430930766707,0.0,,-0.7579569069233293,,"{'GTP': 22.44324184837751, 'GFP': 7.167273622471839, 'GTN': 2205.832726377528, 'GFN': 6907.5567581516225}",0.0,0.24204309307667068,0.0,0.24204309307667068,0.0
diabetes,2,,,-0.37897845346166464,2.1073424255447017e-08,2.220446049250313e-16,0.0,,,0.2420430930766707,0.0,,-0.7579569069233293,,"{'GTP': 22.786631288472563, 'GFP': 7.27632724866271, 'GTN': 2205.7236727513373, 'GFN': 6907.213368711527}",0.0,0.24204309307667068,0.0,0.24204309307667068,0.0
diabetes,3,,,-0.37897845346166464,2.1073424255447017e-08,2.220446049250313e-16,0.0,,,0.2420430930766707,0.0,,-0.7579569069233293,,"{'GTP': 22.911029622657225, 'GFP': 7.314560234081, 'GTN': 2205.685439765919, 'GFN': 6907.088970377343}",0.0,0.24204309307667068,0.0,0.24204309307667068,0.0
diabetes,4,,,-0.3789237668161435,2.9802322387695312e-08,4.440892098500626e-16,0.0,,,0.24215246636771304,0.0,,-0.757847533632287,,"{'GTP': 24.574450234649703, 'GFP': 7.852115883491933, 'GTN': 2206.147884116508, 'GFN': 6904.42554976535}",0.0,0.242152466367713,0.0,0.242152466367713,0.0
diabetes,0,,,-0.37897845346166464,2.1073424255447017e-08,2.220446049250313e-16,0.0,,,0.2420430930766707,0.0,,-0.7579569069233293,,"{'GTP': 21.62999344896525, 'GFP': 6.908896603388712, 'GTN': 2206.0911033966113, 'GFN': 6908.370006551035}",0.0,0.24204309307667068,0.0,0.24204309307667068,0.0
diabetes,1,,,-0.37897845346166464,2.1073424255447017e-08,2.220446049250313e-16,0.0,,,0.2420430930766707,0.0,,-0.7579569069233293,,"{'GTP': 20.95797809609212, 'GFP': 6.691088734893128, 'GTN': 2206.308911265107, 'GFN': 6909.042021903908}",0.0,0.24204309307667068,0.0,0.24204309307667068,0.0
diabetes,2,,,-0.37897845346166464,2.1073424255447017e-08,2.220446049250313e-16,0.0,,,0.2420430930766707,0.0,,-0.7579569069233293,,"{'GTP': 20.207317755790427, 'GFP': 6.453365558991209, 'GTN': 2206.546634441009, 'GFN': 6909.79268224421}",0.0,0.24204309307667068,0.0,0.24204309307667068,0.0
diabetes,3,,,-0.37897845346166464,2.1073424255447017e-08,2.220446049250313e-16,0.0,,,0.2420430930766707,0.0,,-0.7579569069233293,,"{'GTP': 20.187485735164955, 'GFP': 6.446958659682423, 'GTN': 2206.5530413403176, 'GFN': 6909.812514264835}",0.0,0.24204309307667068,0.0,0.24204309307667068,0.0
diabetes,4,,,-0.3789237668161435,2.9802322387695312e-08,4.440892098500626e-16,0.0,,,0.24215246636771304,0.0,,-0.757847533632287,,"{'GTP': 23.064535472309217, 'GFP': 7.368623049231246, 'GTN': 2206.6313769507688, 'GFN': 6905.935464527691}",0.0,0.242152466367713,0.0,0.242152466367713,0.0
diabetes,0,,,-0.37897845346166464,2.1073424255447017e-08,2.220446049250313e-16,0.0,,,0.2420430930766707,0.0,,-0.7579569069233293,,"{'GTP': 23.364704885985702, 'GFP': 7.459992634365335, 'GTN': 2205.5400073656347, 'GFN': 6906.635295114014}",0.0,0.24204309307667068,0.0,0.24204309307667068,0.0
diabetes,1,,,-0.37897845346166464,2.1073424255447017e-08,2.220446049250313e-16,0.0,,,0.2420430930766707,0.0,,-0.7579569069233293,,"{'GTP': 21.778881400823593, 'GFP': 6.953001335961744, 'GTN': 2206.0469986640383, 'GFN': 6908.221118599176}",0.0,0.24204309307667068,0.0,0.24204309307667068,0.0
diabetes,2,,,-0.37897845346166464,2.1073424255447017e-08,2.220446049250313e-16,0.0,,,0.2420430930766707,0.0,,-0.7579569069233293,,"{'GTP': 20.98363561485894, 'GFP': 6.701728813815862, 'GTN': 2206.298271186184, 'GFN': 6909.016364385141}",0.0,0.24204309307667068,0.0,0.24204309307667068,0.0
diabetes,3,,,-0.37897845346166464,2.1073424255447017e-08,2.220446049250313e-16,0.0,,,0.2420430930766707,0.0,,-0.7579569069233293,,"{'GTP': 20.4285696586594, 'GFP': 6.525702982209623, 'GTN': 2206.4742970177904, 'GFN': 6909.571430341341}",0.0,0.24204309307667068,0.0,0.24204309307667068,0.0
diabetes,4,,,-0.3789237668161435,2.9802322387695312e-08,4.440892098500626e-16,0.0,,,0.24215246636771304,0.0,,-0.757847533632287,,"{'GTP': 23.123945724451914, 'GFP': 7.390066681895405, 'GTN': 2206.6099333181046, 'GFN': 6905.876054275548}",0.0,0.242152466367713,0.0,0.242152466367713,0.0
diabetes,0,,,-0.37897845346166464,2.1073424255447017e-08,2.220446049250313e-16,0.0,,,0.2420430930766707,0.0,,-0.7579569069233293,,"{'GTP': 25.591296170838177, 'GFP': 8.171954430639744, 'GTN': 2204.8280455693603, 'GFN': 6904.408703829162}",0.0,0.24204309307667068,0.0,0.24204309307667068,0.0
diabetes,1,,,-0.37897845346166464,2.1073424255447017e-08,2.220446049250313e-16,0.0,,,0.2420430930766707,0.0,,-0.7579569069233293,,"{'GTP': 23.121911124093458, 'GFP': 7.382824628613889, 'GTN': 2205.617175371386, 'GFN': 6906.8780888759065}",0.0,0.24204309307667068,0.0,0.24204309307667068,0.0
diabetes,2,,,-0.37897845346166464,2.1073424255447017e-08,2.220446049250313e-16,0.0,,,0.2420430930766707,0.0,,-0.7579569069233293,,"{'GTP': 22.750035986537114, 'GFP': 7.266239678254351, 'GTN': 2205.7337603217456, 'GFN': 6907.249964013463}",0.0,0.24204309307667068,0.0,0.24204309307667068,0.0
diabetes,3,,,-0.37897845346166464,2.1073424255447017e-08,2.220446049250313e-16,0.0,,,0.2420430930766707,0.0,,-0.7579569069233293,,"{'GTP': 21.5339412225876, 'GFP': 6.876246840227395, 'GTN': 2206.1237531597726, 'GFN': 6908.466058777412}",0.0,0.24204309307667068,0.0,0.24204309307667068,0.0
diabetes,4,,,-0.3789237668161435,2.9802322387695312e-08,4.440892098500626e-16,0.0,,,0.24215246636771304,0.0,,-0.757847533632287,,"{'GTP': 25.116830364102498, 'GFP': 8.025741911260411, 'GTN': 2205.9742580887396, 'GFN': 6903.8831696358975}",0.0,0.242152466367713,0.0,0.242152466367713,0.0
ricci,0,,,0.5714285714285714,0.0,0.0,0.0,,,-0.45833333333333326,0.5238095238095238,,0.6666666666666666,,"{'GTP': 6.468025207519531, 'GFP': 6.505781710147858, 'GTN': 5.494218289852142, 'GFN': 5.531974792480469}",0.47619047619047616,0.3333333333333333,0.875,0.4583333333333333,0.6060606060606061
ricci,1,,,0.4111111111111111,0.0,0.0,0.0,,,-0.6666666666666666,0.4,,0.2222222222222222,,"{'GTP': 5.837944954633713, 'GFP': 6.765733987092972, 'GTN': 6.234266012907028, 'GFN': 5.162055045366287}",0.6,0.7777777777777778,0.625,0.6666666666666666,0.6923076923076923
ricci,2,,,0.5842105263157895,0.0,0.0,0.0,,,-0.33333333333333326,0.631578947368421,,0.8,,"{'GTP': 5.836738407611847, 'GFP': 7.0748403668403625, 'GTN': 5.9251596331596375, 'GFN': 5.163261592388153}",0.3684210526315789,0.2,0.7916666666666666,0.3333333333333333,0.4666666666666667
ricci,3,,,0.275,2.1073424255447017e-08,2.220446049250313e-16,1.5959455978986625e-16,,,-0.6086956521739131,0.45,,0.0,,"{'GTP': 6.082738280296326, 'GFP': 6.374335676431656, 'GTN': 5.625664323568344, 'GFN': 4.917261719703674}",0.55,1.0,0.8695652173913043,0.6086956521739131,0.7096774193548387
ricci,4,,,0.5222222222222221,,-2.220446049250313e-16,-2.553512956637859e-16,,,-0.4347826086956521,0.5555555555555556,,0.6,,"{'GTP': 5.863221228122711, 'GFP': 6.484651893377304, 'GTN': 5.515348106622696, 'GFN': 5.136778771877289}",0.4444444444444444,0.4,0.782608695652174,0.43478260869565216,0.5517241379310345
ricci,0,,,0.06470588235294117,0.07934509067835896,0.003147821707378503,0.002925648121731695,0.8,0.7727272727272727,-0.5,-0.6,-0.8,-0.47058823529411764,,"{'GTP': 5.958007574081421, 'GFP': 5.918312251567841, 'GTN': 6.081687748432159, 'GFN': 6.041992425918579}",0.5714285714285714,0.5294117647058824,0.2916666666666667,0.5416666666666666,0.42105263157894735
ricci,1,0.5555555555555556,0.4444444444444445,-0.49603174603174605,0.3270519270130706,0.05348148148148143,0.051520652607112506,0.5555555555555556,0.4666666666666667,0.1777777777777778,0.2777777777777778,-0.5555555555555556,-0.7142857142857143,0.33333333333333337,"{'GTP': 5.486777126789093, 'GFP': 6.517441838979721, 'GTN': 6.482558161020279, 'GFN': 5.513222873210907}",0.35294117647058826,0.2857142857142857,0.7083333333333334,0.3333333333333333,0.42857142857142855
ricci,2,1.0,0.8571428571428572,-0.24705882352941175,0.22571523745873456,0.025473684210526468,0.02325086914631384,0.7142857142857143,0.8947368421052632,-0.06315789473684219,0.2,-0.7142857142857143,-0.29411764705882354,1.0,"{'GTP': 5.458932727575302, 'GFP': 6.393203109502792, 'GTN': 6.606796890497208, 'GFN': 5.541067272424698}",0.8571428571428571,0.7058823529411765,0.2916666666666667,0.75,0.6666666666666666
ricci,3,0.5555555555555556,,-0.521978021978022,0.4225072741317176,0.0892561983471072,0.07120568358593898,,0.65,0.4,0.4285714285714286,,-0.6153846153846154,0.5555555555555556,"{'GTP': 5.42006579041481, 'GFP': 5.983037739992142, 'GTN': 6.016962260007858, 'GFN': 5.57993420958519}",0.3,0.38461538461538464,0.43478260869565216,0.34782608695652173,0.2857142857142857
ricci,4,0.7,0.6625,-0.15833333333333335,0.21081851067789056,0.02222222222222193,0.02046856894984126,0.625,0.6666666666666667,-0.0444444444444444,-0.09999999999999998,-0.625,-0.4166666666666667,0.7,"{'GTP': 5.483368545770645, 'GFP': 5.945106625556946, 'GTN': 6.054893374443054, 'GFN': 5.516631454229355}",0.5454545454545454,0.5833333333333334,0.4782608695652174,0.5652173913043478,0.5454545454545454
ricci,0,,,0.2727272727272727,0.30151134457776335,0.045454545454545366,0.08701137698962964,-1.0,-1.0,0.4545454545454546,-0.5454545454545454,1.0,1.0,,"{'GTP': 6.301056802272797, 'GFP': 6.399114906787872, 'GTN': 5.600885093212128, 'GFN': 5.698943197727203}",0.45454545454545453,0.0,0.9166666666666666,0.4166666666666667,0.5882352941176471
ricci,1,1.0,-1.0,-0.18888888888888888,0.25819888974716104,0.03333333333333331,0.03537489056842482,-1.0,-1.0,-0.1777777777777778,-0.4,1.0,0.2222222222222222,-1.0,"{'GTP': 5.783866137266159, 'GFP': 6.637603312730789, 'GTN': 6.362396687269211, 'GFN': 5.216133862733841}",0.6,0.7777777777777778,0.625,0.6666666666666666,0.6923076923076923
ricci,2,1.0,-1.0,0.21578947368421056,0.43604079963619075,0.09506578947368433,0.13627283606214977,-1.0,-1.0,0.16842105263157903,-0.631578947368421,1.0,0.8,-1.0,"{'GTP': 5.669641226530075, 'GFP': 6.844835072755814, 'GTN': 6.155164927244186, 'GFN': 5.330358773469925}",0.3684210526315789,0.2,0.7916666666666666,0.3333333333333333,0.4666666666666667
ricci,3,1.0,,-0.275,0.10892765661208574,0.005932617187500233,0.0064877861463612015,,-1.0,-0.44999999999999996,-0.45,,0.0,-1.0,"{'GTP': 5.800046145915985, 'GFP': 6.268824219703674, 'GTN': 5.731175780296326, 'GFN': 5.199953854084015}",0.55,1.0,0.8695652173913043,0.6086956521739131,0.7096774193548387
ricci,4,1.0,-1.0,0.07777777777777778,0.36541875184167844,0.06676543209876509,0.08558802093582023,-1.0,-1.0,0.0444444444444444,-0.5555555555555556,1.0,0.6,-1.0,"{'GTP': 5.740190893411636, 'GFP': 6.26358887553215, 'GTN': 5.73641112446785, 'GFN': 5.259809106588364}",0.4444444444444444,0.4,0.782608695652174,0.43478260869565216,0.5517241379310345
ricci,0,1.0,-1.0,0.0,0.2795084971874737,0.0390625,0.04911976761462664,-1.0,-1.0,0.0,-0.5,1.0,0.5,-1.0,"{'GTP': 6.200178354978561, 'GFP': 6.15754297375679, 'GTN': 5.84245702624321, 'GFN': 5.799821645021439}",0.5,0.5,0.8333333333333334,0.5,0.625
ricci,1,1.0,-1.0,0.022727272727272735,0.19813602643681694,0.019628942486085512,0.025781975778726485,-1.0,-1.0,-0.045454545454545414,-0.5454545454545454,1.0,0.5,-1.0,"{'GTP': 5.707144498825073, 'GFP': 6.696952909231186, 'GTN': 6.303047090768814, 'GFN': 5.292855501174927}",0.45454545454545453,0.5,0.9166666666666666,0.4583333333333333,0.6060606060606061
ricci,2,1.0,-1.0,-0.08333333333333334,0.27936303347885066,0.03902185223725271,0.04489557703982442,-1.0,-1.0,-0.16666666666666663,-0.5,1.0,0.3333333333333333,-1.0,"{'GTP': 5.632226526737213, 'GFP': 6.569857835769653, 'GTN': 6.430142164230347, 'GFN': 5.367773473262787}",0.5,0.6666666666666666,0.75,0.5416666666666666,0.6206896551724138
ricci,3,1.0,-1.0,0.24019607843137256,0.5155595827223365,0.13290084166841484,0.18819815084279967,-1.0,-1.0,0.18627450980392168,-0.6470588235294118,1.0,0.8333333333333334,-1.0,"{'GTP': 5.582788050174713, 'GFP': 6.246950089931488, 'GTN': 5.753049910068512, 'GFN': 5.417211949825287}",0.35294117647058826,0.16666666666666666,0.7391304347826086,0.30434782608695654,0.42857142857142855
ricci,4,1.0,-1.0,-0.17777777777777778,0.2037912269886288,0.020765432098765413,0.02323917020037467,-1.0,-1.0,-0.24444444444444446,-0.4444444444444444,1.0,0.2,-1.0,"{'GTP': 5.680195897817612, 'GFP': 6.1972193121910095, 'GTN': 5.8027806878089905, 'GFN': 5.319804102182388}",0.5555555555555556,0.8,0.782608695652174,0.6086956521739131,0.6896551724137931
student_math,0,,,-0.3360655737704918,0.7572080578101543,0.286682021406313,0.23529317142276768,,,0.3278688524590163,0.0,,-0.6721311475409836,,"{'GTP': 19.16524413228035, 'GFP': 9.509370878338814, 'GTN': 16.490629121661186, 'GFN': 33.83475586771965}",0.6666666666666666,0.32786885245901637,0.22784810126582278,0.4050632911392405,0.3380281690140845
student_math,1,,,-0.3208955223880597,0.6032561188264333,0.18195897245076587,0.1402506027550866,,,0.3582089552238805,0.0,,-0.6417910447761194,,"{'GTP': 18.316499069333076, 'GFP': 7.189377933740616, 'GTN': 18.810622066259384, 'GFN': 34.68350093066692}",0.8333333333333334,0.3582089552238806,0.1518987341772152,0.43037974683544306,0.3076923076923077
student_math,2,,,-0.3333333333333333,0.7318094721937132,0.2677725517962205,0.2030917812453531,,,0.33333333333333326,0.0,,-0.6666666666666666,,"{'GTP': 18.318987265229225, 'GFP': 8.775573879480362, 'GTN': 17.224426120519638, 'GFN': 34.681012734770775}",0.6923076923076923,0.3333333333333333,0.16455696202531644,0.3924050632911392,0.2727272727272727
student_math,3,,,-0.3492063492063492,0.8586692888800898,0.36865647383291955,0.288245071268861,,,0.3015873015873016,0.0,,-0.6984126984126984,,"{'GTP': 17.6035076379776, 'GFP': 10.328100576996803, 'GTN': 15.671899423003197, 'GFN': 35.3964923620224}",0.5625,0.30158730158730157,0.20253164556962025,0.35443037974683544,0.2608695652173913
student_math,4,,,-0.3389830508474576,0.7676477220805572,0.2946415126077342,0.24893587263255296,,,0.3220338983050848,0.0,,-0.6779661016949152,,"{'GTP': 19.81326948106289, 'GFP': 10.182411283254623, 'GTN': 15.817588716745377, 'GFN': 33.18673051893711}",0.65,0.3220338983050847,0.25316455696202533,0.4050632911392405,0.3561643835616438
student_math,0,,,-0.33544303797468356,2.9802322387695312e-08,4.440892098500626e-16,6.746739918875956e-16,,,0.3291139240506329,0.0,,-0.6708860759493671,,"{'GTP': 5.425196997821331, 'GFP': 2.6467691212892532, 'GTN': 23.353230878710747, 'GFN': 47.57480300217867}",0.0,0.3291139240506329,0.0,0.3291139240506329,0.0
student_math,1,,,-0.33544303797468356,2.9802322387695312e-08,4.440892098500626e-16,6.746739918875956e-16,,,0.3291139240506329,0.0,,-0.6708860759493671,,"{'GTP': 5.242810897529125, 'GFP': 2.5586920976638794, 'GTN': 23.44130790233612, 'GFN': 47.757189102470875}",0.0,0.3291139240506329,0.0,0.3291139240506329,0.0
student_math,2,,,-0.33544303797468356,2.9802322387695312e-08,4.440892098500626e-16,6.746739918875956e-16,,,0.3291139240506329,0.0,,-0.6708860759493671,,"{'GTP': 5.064731635153294, 'GFP': 2.4962525591254234, 'GTN': 23.503747440874577, 'GFN': 47.935268364846706}",0.0,0.3291139240506329,0.0,0.3291139240506329,0.0
student_math,3,,,-0.33544303797468356,2.9802322387695312e-08,4.440892098500626e-16,6.746739918875956e-16,,,0.3291139240506329,0.0,,-0.6708860759493671,,"{'GTP': 5.381895199418068, 'GFP': 2.6386756375432014, 'GTN': 23.3613243624568, 'GFN': 47.61810480058193}",0.0,0.3291139240506329,0.0,0.3291139240506329,0.0
student_math,4,,,-0.33544303797468356,2.9802322387695312e-08,4.440892098500626e-16,6.746739918875956e-16,,,0.3291139240506329,0.0,,-0.6708860759493671,,"{'GTP': 5.219836503267288, 'GFP': 2.573897212743759, 'GTN': 23.42610278725624, 'GFN': 47.78016349673271}",0.0,0.3291139240506329,0.0,0.3291139240506329,0.0
student_math,0,,,-0.3360655737704918,0.7572080578101543,0.286682021406313,0.23529317142276768,,,0.3278688524590163,0.0,,-0.6721311475409836,,"{'GTP': 23.14692097902298, 'GFP': 11.50314912199974, 'GTN': 14.49685087800026, 'GFN': 29.85307902097702}",0.6666666666666666,0.32786885245901637,0.22784810126582278,0.4050632911392405,0.3380281690140845
student_math,1,,,-0.3208955223880597,0.6032561188264333,0.18195897245076587,0.1402506027550866,,,0.3582089552238805,0.0,,-0.6417910447761194,,"{'GTP': 22.546238213777542, 'GFP': 9.768313229084015, 'GTN': 16.231686770915985, 'GFN': 30.453761786222458}",0.8333333333333334,0.3582089552238806,0.1518987341772152,0.43037974683544306,0.3076923076923077
student_math,2,,,-0.3333333333333333,0.7318094721937132,0.2677725517962205,0.2030917812453531,,,0.33333333333333326,0.0,,-0.6666666666666666,,"{'GTP': 25.855642050504684, 'GFP': 12.522619664669037, 'GTN': 13.477380335330963, 'GFN': 27.144357949495316}",0.6923076923076923,0.3333333333333333,0.16455696202531644,0.3924050632911392,0.2727272727272727
student_math,3,,,-0.3492063492063492,0.8586692888800898,0.36865647383291955,0.288245071268861,,,0.3015873015873016,0.0,,-0.6984126984126984,,"{'GTP': 23.60744148492813, 'GFP': 12.878262996673584, 'GTN': 13.121737003326416, 'GFN': 29.39255851507187}",0.5625,0.30158730158730157,0.20253164556962025,0.35443037974683544,0.2608695652173913
student_math,4,,,-0.3389830508474576,0.7676477220805572,0.2946415126077342,0.24893587263255296,,,0.3220338983050848,0.0,,-0.6779661016949152,,"{'GTP': 23.805551946163177, 'GFP': 11.956822007894516, 'GTN': 14.043177992105484, 'GFN': 29.194448053836823}",0.65,0.3220338983050847,0.25316455696202533,0.4050632911392405,0.3561643835616438
student_math,0,,,-0.33544303797468356,2.9802322387695312e-08,4.440892098500626e-16,6.746739918875956e-16,,,0.3291139240506329,0.0,,-0.6708860759493671,,"{'GTP': 4.90484918653965, 'GFP': 2.4318205565214157, 'GTN': 23.568179443478584, 'GFN': 48.09515081346035}",0.0,0.3291139240506329,0.0,0.3291139240506329,0.0
student_math,1,,,-0.33544303797468356,2.9802322387695312e-08,4.440892098500626e-16,6.746739918875956e-16,,,0.3291139240506329,0.0,,-0.6708860759493671,,"{'GTP': 4.875555984675884, 'GFP': 2.3931214436888695, 'GTN': 23.60687855631113, 'GFN': 48.124444015324116}",0.0,0.3291139240506329,0.0,0.3291139240506329,0.0
student_math,2,,,-0.33544303797468356,2.9802322387695312e-08,4.440892098500626e-16,6.746739918875956e-16,,,0.3291139240506329,0.0,,-0.6708860759493671,,"{'GTP': 4.879728578031063, 'GFP': 2.3861639127135277, 'GTN': 23.613836087286472, 'GFN': 48.12027142196894}",0.0,0.3291139240506329,0.0,0.3291139240506329,0.0
student_math,3,,,-0.33544303797468356,2.9802322387695312e-08,4.440892098500626e-16,6.746739918875956e-16,,,0.3291139240506329,0.0,,-0.6708860759493671,,"{'GTP': 5.0389882773160934, 'GFP': 2.49957225471735, 'GTN': 23.50042774528265, 'GFN': 47.96101172268391}",0.0,0.3291139240506329,0.0,0.3291139240506329,0.0
student_math,4,,,-0.33544303797468356,2.9802322387695312e-08,4.440892098500626e-16,6.746739918875956e-16,,,0.3291139240506329,0.0,,-0.6708860759493671,,"{'GTP': 5.029178366065025, 'GFP': 2.477441817522049, 'GTN': 23.52255818247795, 'GFN': 47.970821633934975}",0.0,0.3291139240506329,0.0,0.3291139240506329,0.0
student_port,0,,,-0.4230769230769231,0.0,0.0,0.0,,,0.15384615384615385,0.0,,-0.8461538461538461,,"{'GTP': 6.8339028768241405, 'GFP': 1.2407924644649029, 'GTN': 18.759207535535097, 'GFN': 103.16609712317586}",0.0,0.15384615384615385,0.0,0.15384615384615385,0.0
student_port,1,,,-0.4230769230769231,0.0,0.0,0.0,,,0.15384615384615385,0.0,,-0.8461538461538461,,"{'GTP': 6.925765756517649, 'GFP': 1.2578669972717762, 'GTN': 18.742133002728224, 'GFN': 103.07423424348235}",0.0,0.15384615384615385,0.0,0.15384615384615385,0.0
student_port,2,,,-0.4230769230769231,0.0,0.0,0.0,,,0.15384615384615385,0.0,,-0.8461538461538461,,"{'GTP': 6.914182905107737, 'GFP': 1.2636012248694897, 'GTN': 18.73639877513051, 'GFN': 103.08581709489226}",0.0,0.15384615384615385,0.0,0.15384615384615385,0.0
student_port,3,,,-0.4230769230769231,0.0,0.0,0.0,,,0.15384615384615385,0.0,,-0.8461538461538461,,"{'GTP': 6.947448797523975, 'GFP': 1.2817892879247665, 'GTN': 18.718210712075233, 'GFN': 103.05255120247602}",0.0,0.15384615384615385,0.0,0.15384615384615385,0.0
student_port,4,,,-0.42248062015503873,,-2.220446049250313e-16,0.0,,,0.15503875968992253,0.0,,-0.8449612403100775,,"{'GTP': 6.674753092229366, 'GFP': 1.2568990252912045, 'GTN': 18.743100974708796, 'GFN': 102.32524690777063}",0.0,0.15503875968992248,0.0,0.15503875968992248,0.0
student_port,0,,,-0.4230769230769231,0.0,0.0,0.0,,,0.15384615384615385,0.0,,-0.8461538461538461,,"{'GTP': 6.798924162983894, 'GFP': 1.2498731166124344, 'GTN': 18.750126883387566, 'GFN': 103.2010758370161}",0.0,0.15384615384615385,0.0,0.15384615384615385,0.0
student_port,1,,,-0.4230769230769231,0.0,0.0,0.0,,,0.15384615384615385,0.0,,-0.8461538461538461,,"{'GTP': 7.297278821468353, 'GFP': 1.3257683366537094, 'GTN': 18.67423166334629, 'GFN': 102.70272117853165}",0.0,0.15384615384615385,0.0,0.15384615384615385,0.0
student_port,2,,,-0.4230769230769231,0.0,0.0,0.0,,,0.15384615384615385,0.0,,-0.8461538461538461,,"{'GTP': 7.38113809376955, 'GFP': 1.3411315977573395, 'GTN': 18.65886840224266, 'GFN': 102.61886190623045}",0.0,0.15384615384615385,0.0,0.15384615384615385,0.0
student_port,3,,,-0.4230769230769231,0.0,0.0,0.0,,,0.15384615384615385,0.0,,-0.8461538461538461,,"{'GTP': 7.436237424612045, 'GFP': 1.3516222387552261, 'GTN': 18.648377761244774, 'GFN': 102.56376257538795}",0.0,0.15384615384615385,0.0,0.15384615384615385,0.0
student_port,4,,,-0.42248062015503873,,-2.220446049250313e-16,0.0,,,0.15503875968992253,0.0,,-0.8449612403100775,,"{'GTP': 6.621079917997122, 'GFP': 1.2386937253177166, 'GTN': 18.761306274682283, 'GFN': 102.37892008200288}",0.0,0.15503875968992248,0.0,0.15503875968992248,0.0
student_port,0,,,-0.4230769230769231,0.0,0.0,0.0,,,0.15384615384615385,0.0,,-0.8461538461538461,,"{'GTP': 6.476952228695154, 'GFP': 1.1738095693290234, 'GTN': 18.826190430670977, 'GFN': 103.52304777130485}",0.0,0.15384615384615385,0.0,0.15384615384615385,0.0
student_port,1,,,-0.4230769230769231,0.0,0.0,0.0,,,0.15384615384615385,0.0,,-0.8461538461538461,,"{'GTP': 6.785860955715179, 'GFP': 1.2232043147087097, 'GTN': 18.77679568529129, 'GFN': 103.21413904428482}",0.0,0.15384615384615385,0.0,0.15384615384615385,0.0
student_port,2,,,-0.4230769230769231,0.0,0.0,0.0,,,0.15384615384615385,0.0,,-0.8461538461538461,,"{'GTP': 6.898758511990309, 'GFP': 1.2514399699866772, 'GTN': 18.748560030013323, 'GFN': 103.10124148800969}",0.0,0.15384615384615385,0.0,0.15384615384615385,0.0
student_port,3,,,-0.4230769230769231,0.0,0.0,0.0,,,0.15384615384615385,0.0,,-0.8461538461538461,,"{'GTP': 6.936691913753748, 'GFP': 1.2654748111963272, 'GTN': 18.734525188803673, 'GFN': 103.06330808624625}",0.0,0.15384615384615385,0.0,0.15384615384615385,0.0
student_port,4,,,-0.42248062015503873,,-2.220446049250313e-16,0.0,,,0.15503875968992253,0.0,,-0.8449612403100775,,"{'GTP': 6.6805723160505295, 'GFP': 1.2235235124826431, 'GTN': 18.776476487517357, 'GFN': 102.31942768394947}",0.0,0.15503875968992248,0.0,0.15503875968992248,0.0
student_port,0,,,-0.4230769230769231,0.0,0.0,0.0,,,0.15384615384615385,0.0,,-0.8461538461538461,,"{'GTP': 6.519100900739431, 'GFP': 1.1959210857748985, 'GTN': 18.8040789142251, 'GFN': 103.48089909926057}",0.0,0.15384615384615385,0.0,0.15384615384615385,0.0
student_port,1,,,-0.4230769230769231,0.0,0.0,0.0,,,0.15384615384615385,0.0,,-0.8461538461538461,,"{'GTP': 6.923439867794514, 'GFP': 1.2607557512819767, 'GTN': 18.739244248718023, 'GFN': 103.07656013220549}",0.0,0.15384615384615385,0.0,0.15384615384615385,0.0
student_port,2,,,-0.4230769230769231,0.0,0.0,0.0,,,0.15384615384615385,0.0,,-0.8461538461538461,,"{'GTP': 6.685379408299923, 'GFP': 1.2128898836672306, 'GTN': 18.78711011633277, 'GFN': 103.31462059170008}",0.0,0.15384615384615385,0.0,0.15384615384615385,0.0
student_port,3,,,-0.4230769230769231,0.0,0.0,0.0,,,0.15384615384615385,0.0,,-0.8461538461538461,,"{'GTP': 6.987162888050079, 'GFP': 1.2784604839980602, 'GTN': 18.72153951600194, 'GFN': 103.01283711194992}",0.0,0.15384615384615385,0.0,0.15384615384615385,0.0
student_port,4,,,-0.42248062015503873,,-2.220446049250313e-16,0.0,,,0.15503875968992253,0.0,,-0.8449612403100775,,"{'GTP': 6.70150638744235, 'GFP': 1.2308101877570152, 'GTN': 18.769189812242985, 'GFN': 102.29849361255765}",0.0,0.15503875968992248,0.0,0.15503875968992248,0.0
law,0,,,0.44483173076923077,0.0,0.0,0.0,,,-0.11033653846153846,0.0,,0.8896634615384615,,"{'GTP': 26.540225870441645, 'GFP': 3.2889000312425196, 'GTN': 455.7110999687575, 'GFN': 3674.4597741295584}",0.0,0.11033653846153846,0.0,0.11033653846153846,0.0
law,1,,,0.44483173076923077,0.0,0.0,0.0,,,-0.11033653846153846,0.0,,0.8896634615384615,,"{'GTP': 28.030231988523155, 'GFP': 3.476849657483399, 'GTN': 455.5231503425166, 'GFN': 3672.969768011477}",0.0,0.11033653846153846,0.0,0.11033653846153846,0.0
law,2,,,0.44483173076923077,0.0,0.0,0.0,,,-0.11033653846153846,0.0,,0.8896634615384615,,"{'GTP': 27.210410035215318, 'GFP': 3.3750546942465007, 'GTN': 455.6249453057535, 'GFN': 3673.7895899647847}",0.0,0.11033653846153846,0.0,0.11033653846153846,0.0
law,3,,,0.4449386871844193,,-2.220446049250313e-16,0.0,,,-0.11012262563116137,0.0,,0.8898773743688386,,"{'GTP': 26.308912764769047, 'GFP': 3.253929012455046, 'GTN': 454.74607098754495, 'GFN': 3674.691087235231}",0.0,0.11012262563116133,0.0,0.11012262563116133,0.0
law,4,,,0.4449386871844193,,-2.220446049250313e-16,0.0,,,-0.11012262563116137,0.0,,0.8898773743688386,,"{'GTP': 28.72950628399849, 'GFP': 3.554539114702493, 'GTN': 454.4454608852975, 'GFN': 3672.2704937160015}",0.0,0.11012262563116133,0.0,0.11012262563116133,0.0
law,0,,,0.4482551143200963,0.0310034350605463,0.00048060649277675583,0.0004883262707814602,,,-0.10348977135980741,0.0,,0.8965102286401926,,"{'GTP': 28.373401592485607, 'GFP': 3.5180211034603417, 'GTN': 455.48197889653966, 'GFN': 3672.6265984075144}",0.0,0.11033653846153846,0.0,0.11033653846153846,0.0
law,1,,,0.4468864468864469,0.01844022353666574,0.0001700209220411005,0.00017164703055581214,,,-0.10622710622710618,0.0,,0.8937728937728938,,"{'GTP': 29.208547073882073, 'GFP': 3.621365456841886, 'GTN': 455.3786345431581, 'GFN': 3671.791452926118}",0.0,0.11033653846153846,0.0,0.11033653846153846,0.0
law,2,,,0.44405997693194926,0.007177994507432194,2.576180257436338e-05,2.5673974286826417e-05,,,-0.11188004613610147,0.0,,0.8881199538638985,,"{'GTP': 27.390257109887898, 'GFP': 3.3964672326110303, 'GTN': 455.60353276738897, 'GFN': 3673.609742890112}",0.0,0.11033653846153846,0.0,0.11033653846153846,0.0
law,3,,,0.43858560794044665,0.056570296457741365,0.0016000992206583724,0.0015560703472512233,,,-0.1228287841191067,0.0,,0.8771712158808933,,"{'GTP': 29.200177269987762, 'GFP': 3.6142423804849386, 'GTN': 454.38575761951506, 'GFN': 3671.7998227300122}",0.0,0.11012262563116133,0.0,0.11012262563116133,0.0
law,4,,,0.44623655913978494,0.011831728656499561,6.999490150051646e-05,7.041162891304483e-05,,,-0.10752688172043012,0.0,,0.8924731182795699,,"{'GTP': 28.877111481968313, 'GFP': 3.5739089911803603, 'GTN': 454.42609100881964, 'GFN': 3672.1228885180317}",0.0,0.11012262563116133,0.0,0.11012262563116133,0.0
law,0,,,0.44483173076923077,0.0,0.0,0.0,,,-0.11033653846153846,0.0,,0.8896634615384615,,"{'GTP': 28.960956868715584, 'GFP': 3.58959695789963, 'GTN': 455.41040304210037, 'GFN': 3672.0390431312844}",0.0,0.11033653846153846,0.0,0.11033653846153846,0.0
law,1,,,0.44483173076923077,0.0,0.0,0.0,,,-0.11033653846153846,0.0,,0.8896634615384615,,"{'GTP': 29.100001980084926, 'GFP': 3.609106066636741, 'GTN': 455.39089393336326, 'GFN': 3671.899998019915}",0.0,0.11033653846153846,0.0,0.11033653846153846,0.0
law,2,,,0.44483173076923077,0.0,0.0,0.0,,,-0.11033653846153846,0.0,,0.8896634615384615,,"{'GTP': 30.574189546518028, 'GFP': 3.7935810880735517, 'GTN': 455.20641891192645, 'GFN': 3670.425810453482}",0.0,0.11033653846153846,0.0,0.11033653846153846,0.0
law,3,,,0.4449386871844193,,-2.220446049250313e-16,0.0,,,-0.11012262563116137,0.0,,0.8898773743688386,,"{'GTP': 29.014286038465798, 'GFP': 3.591115511022508, 'GTN': 454.4088844889775, 'GFN': 3671.985713961534}",0.0,0.11012262563116133,0.0,0.11012262563116133,0.0
law,4,,,0.4449386871844193,,-2.220446049250313e-16,0.0,,,-0.11012262563116137,0.0,,0.8898773743688386,,"{'GTP': 29.680033568292856, 'GFP': 3.6738825468346477, 'GTN': 454.32611745316535, 'GFN': 3671.319966431707}",0.0,0.11012262563116133,0.0,0.11012262563116133,0.0
law,0,,,0.44483173076923077,0.0,0.0,0.0,,,-0.11033653846153846,0.0,,0.8896634615384615,,"{'GTP': 29.036951483692974, 'GFP': 3.600915082730353, 'GTN': 455.39908491726965, 'GFN': 3671.963048516307}",0.0,0.11033653846153846,0.0,0.11033653846153846,0.0
law,1,,,0.44483173076923077,0.0,0.0,0.0,,,-0.11033653846153846,0.0,,0.8896634615384615,,"{'GTP': 28.404754548799247, 'GFP': 3.525794351939112, 'GTN': 455.4742056480609, 'GFN': 3672.5952454512008}",0.0,0.11033653846153846,0.0,0.11033653846153846,0.0
law,2,,,0.44483173076923077,0.0,0.0,0.0,,,-0.11033653846153846,0.0,,0.8896634615384615,,"{'GTP': 31.674051774665713, 'GFP': 3.9276210386306047, 'GTN': 455.0723789613694, 'GFN': 3669.3259482253343}",0.0,0.11033653846153846,0.0,0.11033653846153846,0.0
law,3,,,0.4449386871844193,,-2.220446049250313e-16,0.0,,,-0.11012262563116137,0.0,,0.8898773743688386,,"{'GTP': 28.66163830505684, 'GFP': 3.5469262255355716, 'GTN': 454.45307377446443, 'GFN': 3672.338361694943}",0.0,0.11012262563116133,0.0,0.11012262563116133,0.0
law,4,,,0.4449386871844193,,-2.220446049250313e-16,0.0,,,-0.11012262563116137,0.0,,0.8898773743688386,,"{'GTP': 30.700348465703428, 'GFP': 3.800380241125822, 'GTN': 454.1996197588742, 'GFN': 3670.2996515342966}",0.0,0.11012262563116133,0.0,0.11012262563116133,0.0
